auc,logloss,n_val
0.7268798543826526,0.5293587902245049,1320
