auc,logloss,n_val
0.7633029869067105,0.36742216735111716,882
