auc,logloss,n_val
0.687091681184669,0.4471373648555063,1101
