auc,logloss,n_val
0.6780898733772003,0.5173994141489606,2224
